comment_id,body,author,created_utc,score,parent_id,is_submitter,churn_signal,nlp_churn_score
m8yc3ia,"No es que son 5000, son 5000 por cada persona que no lo haya dado de baja


Es una boooocha de guita",International_Luck60,1737743200.0,116,t3_1i924b2,False,0,0.3560601370652284
m8yjtrr,"Lo hacen de toda la vida. Antes eran los ""SMS premium"" con el horóscopo.

Si pedís la baja te la tienen que dar",Happy_Scrotum,1737745341.0,49,t3_1i924b2,False,0,0.35128238821109886
m8zffac,por eso mismo me fui de personal en su momento y me cambie a tuenti. pongo que me cargue automaticamente todos los meses el combo y listo. cero problemas hasta ahora y ya voy bastante an̈os,usergghs,1737754312.0,18,t3_1i924b2,False,1,0.6548699628806928
m901q6d,"Telefono pre pago, desde el Nokia 1100 hasta dia de hoy.",Belkan2087,1737760962.0,9,t3_1i924b2,False,0,0.3436465153655064
m90pvr2,"36 LUCAS POR 6GB!!!! KJJJ 
Literalmente por eso me cambié a Tuenti, todos los otros son una manga de chorros, soretes, hijos de...",Storpa2,1737768937.0,8,t3_1i924b2,False,1,0.6567082341244606
m8ypdp1,"5mil pesos?

Con 5mil pesos me compro harto jugo Tang.",CordobezEverdeen,1737746900.0,7,t3_1i924b2,False,0,0.334846373761125
m8yejn0,Cómo llego a esa pantalla en la app?,pachirul0,1737743879.0,6,t3_1i924b2,False,0,0.35354708033126564
m8z8iwz,"Aguante el prepago, le cargas cuando querés.yo como siempre voy a lugares con wifi no le cargo casi nunca.",Badracha,1737752359.0,7,t3_1i924b2,False,0,0.3455018223904044
m917jb1,"Esta semana me cambié a Tuenti por estas cuestiones de Movistar. Muchos aumentos, pocos gb y me da paja estar haciendo portabilidad cada 3 meses para tener buenos descuentos.",Shoddy_Scientist6369,1737775225.0,5,t3_1i924b2,False,1,0.6557207626277756
m915oyr,"Lo pagas un poco mas barato que yo!

Yo tengo movistar moviel de 3GB y me cobran 11.200 por 6 meses + Prime video 4500

Pero en tu caso el plan de 6GB aca en mi pueblo sale  16950 x 6 meses

Lo tenes regalado el plan de 6 GB

me paso el tema de las sucripciones tuve que llamar al soporte para que lo den de baja",Fran_1989,1737774543.0,2,t3_1i924b2,False,0,0.3788329848727935
m91e4qt,"Son 5000 pesos por mes, son 60 lucas al año de todos los boludos que no se avispan",Kydarellas,1737777781.0,2,t3_1i924b2,False,0,0.3874821877407088
m91g9p6,"Movistar es una cueva de estafadores, desde el primer al último, lo digo habiendo laburado para ellos. Y los de personal hace varios años me habían clavado una factura que a hoy hubiera sido de como 200 lucas por SMS que me llegaban sin que me hubiera suscrito a nada, y la tuve que pagar. Hace poco más de 10 años tengo claro, hasta ahora nunca un problema administrativo.",nrctkno,1737778660.0,2,t3_1i924b2,False,0,0.3578484188577849
m91jf7e,"Yo tuve problemas con Movistar cuando me mude. Hijos de puta, me dijeron que por ""politica de empresa"" el costo de internet hogar es gratis el primer mes y cuando voy a pagar tuve que pagar por el internet de mi hogar anterior y el nuevop or un ""error"" del sistema de ellos.

Para solucionarlo tuve que ir físicamente porque los indocumentados de mierda del teléfono no te dan bola y te derivan para todos lados.",var_dump-,1737779995.0,2,t3_1i924b2,False,0,0.34571156144090304
m92nfm4,Por cosas como esa me fui de personal,ElMondiola,1737802821.0,2,t3_1i924b2,False,1,0.6509778965698851
m94g97o,"Tienen que hacerse la cabeza de que todo servicio que pagan mensualmente es un grillete más de esclavo.

Todas las empresas quieren clavarte un servicio por mes, es el futuro, tenernos a todos de esclavos.",SameRandomUsername,1737826887.0,1,t3_1i924b2,False,0,0.38192115227624795
mcrp9nt,"A que numero llamaste para reclamar? Los números de servicio al cliente de Movistar que aparecen en Internet siempre te derivan con el sistema, pero nunca hablas con una persona.",,1739556779.0,1,t3_1i924b2,False,0,0.3344324132439937
mgbhxwb,"Hola qué tal alguno que trabaje en Movistar puede tirar la posta de cómo darse de baja (? Ahora tienen una aplicación que te derivan al whatsap para finalmente darte un número de trámite y prometerte que te llaman para finalizar la operación , pero obviamente nunca te llaman 🔥",kiwara08,1741264534.0,1,t3_1i924b2,False,0,0.34607251436427305
m93i295,"Trabajo en una telefonica. 
Son suscripciones digitales de juegos(vidas i/u paquetes) o streaming(paginas xxx que han tocado el banner).

La gran mayoria son juegos que se descargan, es mas vos podes verlas en la app mi movistar.

Mas abajo te dice:

*Mas Servicios

*Servicios digitales

Es un micrositio en el mismo en ""mis compras"" ves lo que tenes suscripto, tambien se pueden dar de baja ahí.

Otra, seguro te llego por sms de que es, en el sms pones ""Baja"" y las das de baja.
Todos los dias sacamos esas cosas y te digo no es solo en Movistar si no casi todas las companias.",tweekcamper,1737816710.0,1,t3_1i924b2,False,1,0.6420411356364133
m8zctqh,"Estamos en tiempos de libertad y lamentablemente te pueden cobrar eso y más, nadie se los va a impedir, tenes que hacer lo imposible para darlo de baja.",BlackBerrycabj,1737753580.0,-17,t3_1i924b2,False,1,0.6479193187995664
m8yrl19,"y desde el punto de vista de uno, no importa si son 5 mil pesos o 1 ctvo, es mi guita loco, me estás robando",CreativeDimension,1737747521.0,26,t1_m8yc3ia,False,0,0.32490444504651467
m8yjvc9,"Pero cuando tenés razón, tenés razón

No me imagino toda la gente mas grande que no entiende un joraca de la apps, andá a saber qué boludeces les están cobrando",Tererebrio,1737745354.0,18,t1_m8yc3ia,True,0,0.40571120351897316
m8ynlgj,"Aparte, 5.000 por mes en un año te suman 60.000 y prefiero gastarlo en una salida o una remera copada que que regalárselo a Movistar.",ObiFlanKenobi,1737746400.0,12,t1_m8yc3ia,False,0,0.34398938427704095
m8ylb48,"Me hiciste acordar que una vez, en el secundario, una compañera nos quiso mostrar el ""hack"" que encontró con los SMS del horóscopo.

Resulta que se le había acabado el crédito pero a ella se le ocurrió mandar un SMS del horóscopo para ver si funcionaba y si, se pensó que no le cobraban y mandó como 20 porque eran ""gratis"" jajajajajajj

Después le dijeron ""reíte cuando le vayas a acreditar la carga"" y le cambió la cara, jajajajaja",Tererebrio,1737745758.0,9,t1_m8yjtrr,True,0,0.33624878846251977
m8zo01g,"Uh, tiene buenas promos Tuenti?",Tererebrio,1737756760.0,4,t1_m8zffac,True,0,0.3618628411532491
m9054g6,Qué grande!,Tererebrio,1737762049.0,2,t1_m901q6d,True,0,0.3844158459129611
m938gmk,"tuenti es propiedad de movistar igual, la guita va al mismo lado.",TheEndlessWaltz,1737813215.0,1,t1_m90pvr2,False,0,0.3718798554927255
m91kvb4,Te alcanza justo para una morcilla,,1737780628.0,1,t1_m8ypdp1,False,0,0.39366005614720634
m8yjn1w,"Holis

Vas a ""resúmenes"" y después a ""resúmen de servicio"", que es donde sería la línea móvil",Tererebrio,1737745289.0,3,t1_m8yejn0,True,0,0.3424918671136021
m8zo6kw,"Kjjj, jajajaja si, yo hacía lo mismo. Lamentablemente ahora estoy ""en el campo"" y muchos lugares con wifi no encuentro disponibles",Tererebrio,1737756814.0,3,t1_m8z8iwz,True,0,0.4220150713415887
m91ad0h,"Si se pusieran así las pilas para otras cosas, en lugar de suscribirnos y cambiar el plan a cada rato, recuperan Malvinas en 25 días habiles(?",Tererebrio,1737776295.0,2,t1_m917jb1,True,0,0.3553573283125215
m919zyy,"Uh, qué cagada che que te salga tan caro los 6 GB

¿Decís que no funciona eso de llamar y amenazar con cambiarte de compañía? (Alegando que te dan una mejor oferta, claramente)",Tererebrio,1737776158.0,1,t1_m915oyr,True,0,0.33743384054002273
m93l3r7,"Nooo amigo mal ahí con lo de Personal, qué cagada.

Vos decís que está mejor Claro? Ando averiguando a todos los que comentan peroz según otro comentario, se ve que depende de la zona",Tererebrio,1737817730.0,1,t1_m91g9p6,True,0,0.36044995583687706
m93lmsk,"Aaaah, qué chotada. Encima da una bronca, no sabés si el que te comunicó eso de verdad no sabía nada y era un ""error"" o si sabía todo y se quería hacer el vivo como hacen siempre.

Si, eso de que te deriban para todos lados me da una re bronca, debería ser debunciable",Tererebrio,1737817900.0,1,t1_m91jf7e,True,0,0.3427860917283988
m93mfui,"Lo buen que hiciste Mondiolita

¿En qué compañía estás ahora?",Tererebrio,1737818159.0,1,t1_m92nfm4,True,0,0.34519186047706807
m93mz3x,"Mmmh, medio raro eso que me decís, no me llegó ningún SMS.

Vos me estas diciendo que esas suscripciones aparecen cuando uno descarga juegos o ve páginas porno? Así nada más?",Tererebrio,1737818332.0,0,t1_m93i295,True,0,0.4000122165826296
m8znv9n,"Yo solo llamé, pedí que me lo dieran de baja y me lo dieron de baja, no me pareció muy difícil pero hay que ponerse firmes.

Y eso de ""tiempos"" no me parece, esto se hizo siempre, pasa que uno se olvida de revisar con el tiempo o no se le ocurre. Hace mil que tenía prepago pero, por razones, me pasé a un plan y me encontré con esto",Tererebrio,1737756721.0,5,t1_m8zctqh,True,1,0.40471927024681476
m902hpi,a ver si sos nueva linea te dan 2500 x 3 meses 12gb y si tenes linea portable 9k 6gb y 12k 12gb o sea se la verdad que si es para llamadas y cosas asi si,Kurwa10,1737761206.0,7,t1_m8zo01g,False,0,0.367488793465153
m8ynjyp,Gracias,pachirul0,1737746388.0,2,t1_m8yjn1w,False,0,0.3767163034555141
m93pmne,"Claro, por descarte. Ya había pasado por Movistar y me pareció la peor. Además acá Movistar no tiene cobertura si te alejas 2 metros del centro de la ciudad.

Hace poco abandone el plan control con factura porque me cobraba una fortuna. Ahora tengo prepago que me sale un 10% y te go lo mismo",ElMondiola,1737819166.0,2,t1_m93mfui,False,0,0.3407165834567366
m93oh35,"No, son haciendo click, Todos los dias las veo.
Algun banner de sitio o  en algun juego tambien pasa cuando compran vidas.
Tambien streming como sitios de futbol o porno, le dan ok a algun banner y listo, suscrito en una membresia premium china.
Otra cosa que veo es que cuando descargan ""Limpiadores"" ahi sonaron por que son todos app maliciosas y trasfondo uno le da permiso a que haga cualquiera.
Atiendo mucha gente grande con ese problema y no tan grande con el tel ""lleno de virus"", despues se  ve  la factura que le viene cualquiera.",tweekcamper,1737818805.0,1,t1_m93mz3x,False,0,0.35441025414309857
m9050lw,"Uh bien ahí, gracias por la data",Tererebrio,1737762016.0,1,t1_m902hpi,True,0,0.33828777837881713
m8ynvt0,"Bien ahíii, qué bueno que pudiste. 

¿Estaba todo en órden?",Tererebrio,1737746480.0,4,t1_m8ynjyp,True,0,0.3412879238914198
m93rx5v,"Igual, no digo que no te crea, pero mi celu no lo uso para ninguna de esas cosas. Aparte, si quisiera tengo la computadora.

Qué misterio..",Tererebrio,1737819869.0,1,t1_m93oh35,True,0,0.35111906292735245
m93s6bn,Hablame al privado y te digo. Ya me voy igual pero el lunes lo veo,tweekcamper,1737819944.0,2,t1_m93rx5v,False,0,0.34346233634039086
